collectorId,phoneHash,preferredLanguage,operatingDistrict,operatingState,createdAt,lifetimeEarningsInr,pendingDuesInr,completedTransactions
COL_0001,syn_0a4ef9f6d8bacbbc9326ef368ff276b458884c0e324eadce33daac75,hi,Nashik,Maharashtra,2025-12-20T00:00:00.000Z,56374.88,8944.67,28
COL_0002,syn_2b211a2f9d056474b03a1cb94f1b7be36ba85ed9e27cb8f6581a38e6,mr,Mumbai Suburban,Maharashtra,2025-11-24T00:00:00.000Z,50765.41,2990.82,16
COL_0003,syn_dcc5fd7b2a2504c3bd846b081522f399ed016cd53f6d2e994342cb6b,hi,Pune,Maharashtra,2025-09-22T00:00:00.000Z,49765.19,6179.53,12
COL_0004,syn_315bcd801cb1241e8cd3abf1aa98e906001ffeb8865340bbeb3e3345,mr,Pune,Maharashtra,2026-03-20T00:00:00.000Z,70345.45,14941.34,16
COL_0005,syn_19cb3c699798a72f4bc13efaf80ad8bae78ea1e59090af3a702a3aeb,hi,Nagpur,Maharashtra,2026-06-02T00:00:00.000Z,19554.98,11941.09,8
COL_0006,syn_3fc1624bf9dc3104c8eba5e60e0946c431ed8a0a13d8b10be36b50de,mr,Mumbai Suburban,Maharashtra,2025-11-09T00:00:00.000Z,31998.13,1224.09,15
COL_0007,syn_62978dcd3143d1aaf6dbeecd521ab78953e4ebf2b6dde6c18d4584d5,en,Thane,Maharashtra,2026-02-14T00:00:00.000Z,54846.11,7386.86,18
COL_0008,syn_4eae356471198c81a09fa2d8b496a833a90b6497e8ba8c3334b8e78b,hi,Nashik,Maharashtra,2026-02-18T00:00:00.000Z,72700.49,14177.92,20
COL_0009,syn_bdeccc462722fe65148199963be8c6beadb16f9f2daea71b4f06c685,en,Nashik,Maharashtra,2026-06-10T00:00:00.000Z,67524.28,10419.17,27
COL_0010,syn_a2ff52425c27612d5886867d30d86749dd1260504621c65e5b58f7c3,hi,Pune,Maharashtra,2026-02-18T00:00:00.000Z,59909.78,6317.21,22
COL_0011,syn_bed18b2ce0892d80ecda6b51e13b4d503fdc9bbca44b0470b5645b48,hi,Nagpur,Maharashtra,2026-06-23T00:00:00.000Z,20735.25,220.64,11
COL_0012,syn_fb4ee45676b718c7640cec442e01dd2457c2946628f9c3f4f4a937cf,mr,Pune,Maharashtra,2025-11-12T00:00:00.000Z,54083.59,2827.93,23
COL_0013,syn_897394cb2925b314cfd78248a91df29af1f3396a48aabe5b7c2328d6,mr,Bengaluru Urban,Karnataka,2026-04-04T00:00:00.000Z,67986.53,9064.93,13
COL_0014,syn_c82b2b4d50d858dc34337f6a71bcb99926e26c1cefcb9bfaa1b67459,hi,Pune,Maharashtra,2025-10-05T00:00:00.000Z,32970.89,9581,14
COL_0015,syn_22e00139bc428eeef2e0fe4d16efd693fbe0a97e88c1b31a633aea96,mr,Chhatrapati Sambhajinagar,Maharashtra,2026-03-11T00:00:00.000Z,21471.91,1408.39,9
COL_0016,syn_c0ac3ea7c8f800262b2f54daa930cf3e692695d07bf6cd805f453d27,hi,Mumbai Suburban,Maharashtra,2026-03-28T00:00:00.000Z,74152.29,20655.1,25
COL_0017,syn_5122b82cb58d742e2c1bca8b8633eefc1f3fe4f24b2022c2ac80b2c2,hi,Thane,Maharashtra,2025-11-25T00:00:00.000Z,82072.44,1792.65,24
COL_0018,syn_bc2974c10c8eceb4949cc8f73c47b343001d88771babb93ae19e8697,mr,Mumbai Suburban,Maharashtra,2025-09-06T00:00:00.000Z,29785.1,0,9
COL_0019,syn_3f029081f5ab1538c83285070c9ece49dbeaad2b595e3427524bafb5,mr,Thane,Maharashtra,2026-03-12T00:00:00.000Z,70230.71,22946.17,20
COL_0020,syn_63a2eb86d3709d7708e3ccb9bcc0fbe1bffaa4af9cb1f25167f632ec,hi,Thane,Maharashtra,2026-06-20T00:00:00.000Z,86146.87,141.66,17
COL_0021,syn_8999f010f25f47a04cd589c028ca299640363979ec925d189f0920ab,mr,Pune,Maharashtra,2026-06-20T00:00:00.000Z,28231.24,24268.04,14
COL_0022,syn_74f793c639999ba2f97d45c04521d81e1298a7b670ccb9d9beea413a,mr,Mumbai Suburban,Maharashtra,2025-12-29T00:00:00.000Z,50933.53,855.28,15
COL_0023,syn_44e0221bd296f73fd03a74c4dd0a24f64cb7ef3dd903a878e7c266fc,mr,New Delhi,Delhi,2026-03-30T00:00:00.000Z,26358.81,11211.33,13
COL_0024,syn_3b90d873316321801267b5153d4a14b9a70e745777ecc59bf78f03f5,mr,Mumbai Suburban,Maharashtra,2026-07-25T00:00:00.000Z,41163.11,0,15
COL_0025,syn_891f228aa0e0a723bc68132d4287485679748b0b1fdb3c5655a50876,hi,Pune,Maharashtra,2026-01-09T00:00:00.000Z,66732.36,11878.17,13
COL_0026,syn_a01d0f0d9e9ed5f91e430c390543107c66ee97e42d462c19b7ff084b,hi,New Delhi,Delhi,2025-11-17T00:00:00.000Z,12910.08,0,6
COL_0027,syn_81b94d6fb3389a5a3ea566eaa2563b8647f1f70af920b08d89013b3e,mr,Nashik,Maharashtra,2026-07-28T00:00:00.000Z,34754.88,15355.26,25
COL_0028,syn_6e1cfe7b2fa27477292efd855a99291d94dba820e3438df9829a0d88,hi,Mumbai Suburban,Maharashtra,2026-01-18T00:00:00.000Z,15396.78,3524.34,15
COL_0029,syn_9cfa991b92a6a96aef37ef1cb8ef038f91e37fe918b6001352f8c82f,hi,Mumbai Suburban,Maharashtra,2026-01-03T00:00:00.000Z,20820.71,5202.18,13
COL_0030,syn_aa5e3010c318956de81fa9ee371241976177deffa55448e768fcfe22,mr,Nashik,Maharashtra,2025-12-05T00:00:00.000Z,35567.72,13277.36,17
COL_0031,syn_887f9e03619dfe25d8e740a92b58f049a9b425d01cb4c89d2c9555d6,hi,Mumbai Suburban,Maharashtra,2026-01-26T00:00:00.000Z,67262.25,708.73,15
COL_0032,syn_36ef5cdbc91fba5dced0409cd7af37ef667e393df5d2e185c0f93ee1,mr,Mumbai Suburban,Maharashtra,2025-12-20T00:00:00.000Z,74850.36,3679.49,21
COL_0033,syn_e1c742e5362b0fd761090d5230227795b0f5bfc455a279fc48415886,mr,Thane,Maharashtra,2025-09-28T00:00:00.000Z,45313.72,7734.89,23
COL_0034,syn_c21cb480dcf0cd67afe12ace95637a28f354d26da638ef539344800f,hi,Pune,Maharashtra,2026-05-24T00:00:00.000Z,45308.48,5010.27,23
COL_0035,syn_6d44fa96ba1c7a0497f89611fcecf3fd7f67613c2b328cfa8687bfbb,hi,Mumbai Suburban,Maharashtra,2026-02-12T00:00:00.000Z,28885.45,9396.59,14
COL_0036,syn_72cfe813369c6e520572ff9cacf5f46521257e26a27cdf0a251038c7,mr,Mumbai Suburban,Maharashtra,2026-01-03T00:00:00.000Z,18540.86,0,9
COL_0037,syn_1c1f98ddc776e58e4700b7f3e72cb6651b29f29d59360dbf8732f247,mr,Pune,Maharashtra,2026-07-05T00:00:00.000Z,47401.28,0,19
COL_0038,syn_dc9c452aaf08e776a6ce19cf5f0129c7117761aa52464248f4729c99,mr,Nashik,Maharashtra,2026-05-10T00:00:00.000Z,52160.64,15399.33,19
COL_0039,syn_7b9f793d4c3817128232d85e0e01fbd278f02dffc7720a946ab2966c,en,Thane,Maharashtra,2025-10-07T00:00:00.000Z,59717.65,3307.74,18
COL_0040,syn_918d66df8e9d26375213ee5c1d68a56d7f9f306acb050869c9ddf573,mr,Mumbai Suburban,Maharashtra,2026-03-22T00:00:00.000Z,88057.92,8319.63,16
COL_0041,syn_77a5909c14c17f9764ee3076cdf9a76d993b3005c59c0370d89ab6b4,mr,Bengaluru Urban,Karnataka,2025-11-21T00:00:00.000Z,60304.49,0,11
COL_0042,syn_1f56fdc0528b3dd82b466ab2ad438570ea91ed5bdbb3e16366d5cc68,hi,Pune,Maharashtra,2026-02-22T00:00:00.000Z,62609.12,11224.11,21
COL_0043,syn_0f1c7e7acc3dd579b7dd4cbf6b6f83d5a1f03c76d7915cde1a7909ac,mr,Pune,Maharashtra,2025-10-29T00:00:00.000Z,63034.45,14938.59,24
COL_0044,syn_14463674fb6607bd65d730f79fa3af42c8b1e0cc2c54b2a70f8d157f,hi,Pune,Maharashtra,2025-12-15T00:00:00.000Z,71382.34,16022.24,22
COL_0045,syn_8e6b7fa739b202cd28f4404237297eccefc95a431d2de9137e9a87a2,mr,Bengaluru Urban,Karnataka,2026-06-02T00:00:00.000Z,82799.02,16340.26,27
COL_0046,syn_d7bcaf802c3b84e7132a6faee41c5053320ae44ca8a0432aeab89de0,hi,Pune,Maharashtra,2026-01-11T00:00:00.000Z,61832.94,4303.35,20
COL_0047,syn_3234c4a783e6eab60f4be90e6e15de8ba91a34cb53c22491fcf72288,hi,New Delhi,Delhi,2026-04-15T00:00:00.000Z,13771.41,0,6
COL_0048,syn_df299a65e6ed9d1c673f113e14bbbfc1d64e68ad915e57e7e5317f1e,hi,Thane,Maharashtra,2025-09-30T00:00:00.000Z,40051.93,11167.84,19
COL_0049,syn_8627bd49828cb63aad983cc4ba24239acc6b69de9808b0a4a87140f3,mr,New Delhi,Delhi,2026-06-19T00:00:00.000Z,16183.81,4757.97,10
COL_0050,syn_93596447f781a14ace3a0d2403baf51244dbc1f38d9890e2d3ac8bd4,hi,Pune,Maharashtra,2026-03-26T00:00:00.000Z,19745.21,31672.61,17
COL_0051,syn_5d0eafb2ae26a32b62c7e71001f4bbf032366245a756641a820b9709,hi,Mumbai Suburban,Maharashtra,2026-07-03T00:00:00.000Z,83204.05,4662.15,19
COL_0052,syn_82254449cb3037cdbd52dab88067e20690f749503638d0f0aa735c3a,hi,Bengaluru Urban,Karnataka,2026-04-08T00:00:00.000Z,62875.44,0,20
COL_0053,syn_51f62e622870292a9a2adaa18bac95b9570fc79bd567be78dce218a8,hi,Nashik,Maharashtra,2025-09-14T00:00:00.000Z,25635.84,6107.32,22
COL_0054,syn_76c7295a0a8f54bbd345e6e74804015512b2fa195e62229f3cb9457e,hi,Pune,Maharashtra,2025-11-25T00:00:00.000Z,22432.76,17102.88,15
COL_0055,syn_63f49ddaf39b02ee3e3e57c2e1ded56f1c35f5099db276751131500f,hi,Mumbai Suburban,Maharashtra,2026-05-16T00:00:00.000Z,47653.61,17713.39,15
COL_0056,syn_741f8f57b9eb72812e19b05fb70baf429caa29b8e778e48e3ea96f02,mr,Mumbai Suburban,Maharashtra,2026-02-26T00:00:00.000Z,59940.04,13978.35,15
COL_0057,syn_ccd3576b488dd9a33c00e38c748edfb853877eacbdea0bcbb77bd36e,hi,Nagpur,Maharashtra,2026-05-22T00:00:00.000Z,23808.84,0,10
COL_0058,syn_c9607d86b319bb363f70b54fc4ffe09f16a90427a1ca9e8c51c5a67b,en,New Delhi,Delhi,2026-07-02T00:00:00.000Z,12800.4,4288.3,10
COL_0059,syn_5583c6fdaff9a654e7ed401bd54a14239688aed13961b95f9e265bd1,hi,Pune,Maharashtra,2026-07-21T00:00:00.000Z,49572.98,3205.69,17
COL_0060,syn_86f27276126857ef7e37ad5fd5e7e1026b18655ded7b35873623c475,mr,Nagpur,Maharashtra,2026-04-18T00:00:00.000Z,22727.27,3601.02,4
